name;synonyme
Turku;abo
Tsingshi;abo
Turku;åbo
Frankfurt;åbo
Turku;aboâ turku
Inari;aboâ turku
Turku;abost
Cassel;abost
Helsinki;åggelby
NA;åggelby
NA;agnifitiae
Akureyri;agnifitiae
Tornio;ala tornio
Alfend;ala tornio
Alfend;alfeld leine
Liège;alfeld leine
Almena Wi;almena wis
London;almena wis
Altdorf;altdorfi
Altenstein;altdorfi
Altenstein;alten stettin
Maastricht;alten stettin
Amsterdam;amsterodami
Ancova;amsterodami
Turku;åpo
Hyvinkää;åpo
Archangelsk;arhangel sk
Riga;arhangel sk
Västerås;arosiae
Ashtabula Oh;arosiae
Ashtabula Oh;ashtabula ohio
Askersund;ashtabula ohio
Askersund;askersundiae
Stockholm;askersundiae
Astoria Or;astoria oregon
St Petersburg;astoria oregon
Turku;athenis auräicis
Imatra;athenis auräicis
Stockholm;auctoritate regia privilegialis holmiae
Augsburg;auctoritate regia privilegialis holmiae
Augsburg;augsburg
Utrecht;augsburg
Basel;basel
Pori;basel
Pori;b borg
Pännäinen;b borg
Pännäinen;bennäs
Bergen;bennäs
Bergen;bergen stockholm kjobenhavn
Berlin;bergen stockholm kjobenhavn
Pori;björbeborg
Birmingham;björbeborg
Pori;björneborg
Björkboda;björneborg
Raahe;brahestads
Brändö;brahestads
Hanko;breidablick
Forssa;breidablick
Bremen;bremae
Breslau;bremae
Breslau;breslau
Bridgeport Ct;breslau
Bridgeport Ct;bridgeport conn
Brisbane;bridgeport conn
New York;brooklyn ny
Brunn;brooklyn ny
St Petersburg;burgo sancti petri
Greifswald;burgo sancti petri
Calcutta;calcutta
Buenos aires;calcutta
Calumet Mi;calumet
Calcutta;calumet
Chicago IL;chicago ill
NA;chicago ill
Chisholm Mn;chisholm minn
Chicago IL;chisholm minn
Oslo;christiania
Chisholm Mn;christiania
Copenhagen;christianstad
Oslo;christianstad
Cincinnati Oh;cincinati
Copenhagen;cincinati
Clear Creek UT;clear creek utah
Cincinnati Oh;clear creek utah
Cleveland Oh;cleveland
Clear Creek UT;cleveland
Cologne;cologne
Cleveland Oh;cologne
Copenhagen;copenhagen
Dantzig;copenhagen
Copenhagen;copenhague
Turku;copenhague
Dessau;dessau
Stralsund;dessau
Stralsund;deutschland stralsund
Dieren;deutschland stralsund
Dordrecht;dordrecht
Terni;dordrecht
Tartu;dorpati livonúm
Arnstadt;dorpati livonúm
Tartu;dorpt i lieflandh
Dresden;dorpt i lieflandh
Dresden;dresden
Duluth Mn;dresden
Duluth Mn;duluth mn
Edinburgh;duluth mn
Edinburgh;edinburgh
Wittenberg;edinburgh
Tammisaari;ekenäs
Ely Mi;ekenäs
Ely Mi;ely minn
Turku;ely minn
Inari;enare
Greifswald;enare
Turku;enthlimmenon aboe
Erfurt;enthlimmenon aboe
Eveleth Mi;eveleth minnesota
Eura;eveleth minnesota
Exeter;exeter
Stockholm;exeter
Falun;fahlun
Exeter;fahlun
Fitchburg Ma;fichtburg mass
Falun;fichtburg mass
Fitchburg Ma;fitchburg massachusetts
Hanko;fitchburg massachusetts
Frankfurt;francfort leipzig
Helsinki;francfort leipzig
Frankfurt;frankfurt und leipzig
Hamina;frankfurt und leipzig
Hamina;fredrikshamn
Freiburg im Breisgau;fredrikshamn
Geneve;genève
Helsinki;genève
Gera;gera
Geneve;gera
Giessen;giessae
Gera;giessae
Greifswald;gryfisbaldia greifswald
Turku;gryfisbaldia greifswald
Greifswald;gryphisuualdiae
Impilahti;gryphisuualdiae
Greifswald;gryphiswaldiae
Gutersloh;gryphiswaldiae
Gutersloh;gutersloh
The Hague;gutersloh
Hamina;hamina
Hämeenlinna;hamina
Hancock Mi;hancock
Hamina;hancock
Helsinki;helsignfors
Helsingborg;helsignfors
Helsinki;helsingofrs
Helsingör;helsingofrs
Stockholm;holmiae
Eveleth Mi;holmiae
Stockholm;holmiae svecorum
Vyborg;holmiae svecorum
Houghton Mi;houghton mi
Stockholm;houghton mi
Hull;hull
Houghton Mi;hull
Hämeenlinna;hus
Turku;hus
Jena;i.e nae
Turku;i.e nae
Inkoo;ingå
Visingsborg;ingå
Inkeri;inkerinmaalla
St Petersburg;inkerinmaalla
Ironwood Mi;ironwood mich
Inkoo;ironwood mich
Ironwood Mi;ironwood michigan
Inkeri;ironwood michigan
Ísafjördur;isafjördur
Ironwood Mi;isafjördur
Ishpeming Mi;ishpeming mi
Ironwood Mi;ishpeming mi
Ishpeming Mi;ishpeming mich
Ísafjördur;ishpeming mich
Isokyrö;isokyrö
Ishpeming Mi;isokyrö
Jacobson Mi;jacobson minn
Jääski;jacobson minn
Pietarsaari;jacobstad
Jacobson Mi;jacobstad
Joensuu;joensuussa
Jönnköping;joensuussa
Jönnköping;jönköping
Uppsala;jönköping
Uppsala;junekopiae
Jurjew;junekopiae
Jyväskylä;jywäskylästä
Kainuu;jywäskylästä
Kajaani;kajana
Käkisalmi;kajana
Kaleva Mi;kalevassa mich
Kallislahti;kalevassa mich
Kemi;kemissä
Kettuvaara;kemissä
Lybeck;keyserligh frij rijkzstad lybeck
Visingsborg;keyserligh frij rijkzstad lybeck
Kiel;kiel
Kiiminki;kiel
Kiel;kiliae
Copenhagen;kiliae
Copenhagen;kiobenhavn
Kirchhain;kiobenhavn
Oslo;kristiania
Kristiinankaupunki;kristiania
Kristiinankaupunki;kristinestad
Kruunupyy;kristinestad
Kruunupyy;kronoby
Kuopio;kronoby
Lappeenranta;lappeenranta
Lapua;lappeenranta
Lapua;lapualla
Lausanne;lapualla
Lausanne;lausanne
Leeuwarden;lausanne
Leeuwarden;leeuwarden
Leipzig;leeuwarden
Leipzig;leipzig und amsterdam
Litoměřice;leipzig und amsterdam
Litoměřice;leitmeritz
Le mans;leitmeritz
Liège;liege
Almena Wi;liege
London;londres
Altdorf;londres
Maastricht;maestricht
Amsterdam;maestricht
Marburg;marpvrgi cattorvm
Marttila;marpvrgi cattorvm
Mikkeli;mikkeli viipuri
Milan;mikkeli viipuri
Milan;milano
Milwaukee Wi;milano
Milwaukee Wi;milwaukee wis
Minneapolis Mn;milwaukee wis
Minneapolis Mn;minneapolis mn
Minsk;minneapolis mn
Jelgava;mitau und leipzig
Montpellier;mitau und leipzig
Montreal;montreal
Moscow;montreal
Moscow;moscoosa
Vaasa;moscoosa
Moscow;moskva
München;moskva
Helsinki;mu helsinki
Mustasaari;mu helsinki
München;munchen
Mustiala;munchen
Mustasaari;mustasaari
Stockholm;mustasaari
Oradea;nagy varad
Naples;nagy varad
Nanaimo BC;nanaimo bc
Närpiö;nanaimo bc
Naples;napoli
Närpiö;napoli
Närpiö;närpes
Narva;närpes
Närpiö;närpiö
Narva;närpiö
Narva;narva
Naples;narva
Narva;narvae
Neuchatel;narvae
Naples;neapel
Neuruppin;neapel
New Haven Ct;new haven
New York;new haven
New York Mills Mn;new york mills mn
New York;new york mills mn
Vaasa;nikolaistad
Nokia;nikolaistad
Nürnberg;norimberge
Norrköping;norimberge
Norrköping;norkiöping
Stockholm;norkiöping
Norrköping;norrköping
Nummela;norrköping
Nürnberg;nuremberg
Nurmijärvi;nuremberg
Vaasa;nya wasa
Uusikaarlepyy;nya wasa
Uusikaarlepyy;nykarleby
Nyköping;nykarleby
Savonlinna;nyslott
Uusikaupunki;nyslott
Uusikaupunki;nystad
Nytorp;nystad
Letchworth;oahspe home letchworth
Aarhus;oahspe home letchworth
Aarhus;occidentalis arhusae
Uppsala;occidentalis arhusae
Örebro;örebroosa
Orimattila;örebroosa
Isokyrö;orisberg
Orismala;orisberg
Oslo;östersund
Otava;östersund
Otava;otavan asema
Ottawa;otavan asema
Ottawa;ottawa canada
Oulainen;ottawa canada
Oulu;oulu
Helsinki;oulu
Helsinki;oulunkylä
Oulu;oulunkylä
Oulu;oulussa
Oxford;oulussa
Oulu;oulu turku
Padova;oulu turku
Oxford;oxford
Stockholm;oxford
Paimio;oxford
Parainen;parainen
Parikkala;parainen
Parainen;pargas
Paris;pargas
Paris;paris
Stockholm;paris
St Petersburg;pejteri
Perkjärvi;pejteri
Pernaja;pernå
Pärnu;pernå
Pernaja;pernau
Turku;pernau
Pärnu;pernaviae
Budapest;pernaviae
Turku;perno
Budapest;perno
Budapest;pest
Petäjävesi;pest
St Petersburg;petrozavodsk
Helsinki;petrozavodsk
Helsinki;p gel singfors
Philadelphia Pa;p gel singfors
Philadelphia Pa;philadelphia
Pieksämäki;philadelphia
St Petersburg;pietarporissa
Pietarsaari;pietarporissa
Pietarsaari;pietarsaari
Pihlava;pietarsaari
Piikkiö;piikkis
NA;piikkis
NA;piitem
Pinjainen;piitem
St Petersburg;piotrogrod
Tampere;piotrogrod
Tampere;pirkkala
Pistoia;pirkkala
Pori;porissa
Port Arthur On;porissa
Poznan;poznan
Porvoo;poznan
Rauma;rauma
Rantasalmi;rauma
Tallinn;räwelisä
Ravenna;räwelisä
Red Jacket Mi;red jacket mi
Tallinn;red jacket mi
Red Lodge MT;red lodge mont
Red Jacket Mi;red lodge mont
Regensburg;regensburg
Red Lodge MT;regensburg
Koningsberg;regiomonti borussorum
Regensburg;regiomonti borussorum
Reykjavik;reikjavik
Koningsberg;reikjavik
Tallinn;reval
Reykjavik;reval
Riga;riga
Vyborg;riga
Riga;rigas
Moscow;rigas
Riga;rigasa
Västerås;rigasa
Riga;rijasa
Rock Island IL;rijasa
Rock Island IL;rock island ill
Rock Springs WY;rock island ill
Rock Springs WY;rock springs wyo
Rome;rock springs wyo
Rome;rooma
Rostock;rooma
Rostock;rostochii stockholmiae
Stockholm;rostochii stockholmiae
Rostock;rostock
Rotterdam;rostock
Rotterdam;rotterdam
Rovaniemi;rotterdam
St Petersburg;saint petersbourg
Sairala;saint petersbourg
Sandstone Mi;sandstone minn
St Petersburg;sandstone minn
St Petersburg;sankt peterburg
Sarvilahti;sankt peterburg
Sarvilahti;sarvlaks
Pori;sarvlaks
Pori;satakunta
Sauvo;satakunta
Stockholm;socholm
Strängnäs;socholm
Stockholm;ståkhålm
Tubingen;ståkhålm
Stockholm;sthocholm
Uppsala;sthocholm
Stockholm;stocholmisa
Parainen;stocholmisa
Stockholm;stockhol isa
Perho;stockhol isa
Stockholm;stockholm
Parainen;stockholm
Astoria Or;stockholm
Stockholm;stock holm
Vaasa;stock holm
Stockholm;stockholm åbo
Frankfurt;stockholm åbo
Stockholm;stockholman
Riga;stockholman
Stockholm;stockholmin
Oradea;stockholmin
Stockholm;stockholmisa
Poznan;stockholmisa
Stockholm;stockhom
Västerås;stockhom
St Petersburg;st petersbourg
Strasbourg;st petersbourg
Strasbourg;strasbourg
Oxford;strasbourg
Strasbourg;strassburg
Strängnäs;strassburg
Strängnäs;strengnäs
Ishpeming Mi;strengnäs
Strängnäs;strengnäss
Västerås;strengnäss
Strängnäs;strengnesii
Stockholm;strengnesii
Stockholm;stukkolmis
Stuttgart;stukkolmis
Stuttgart;stuttgart
Sudbury On;stuttgart
Sudbury On;sudbury ontario
Sundsvall;sudbury ontario
Greifswald;suobaci
Suomussalmi;suobaci
Turku;suomen niemen turusa
Stockholm;suomen niemen turusa
Superior Wi;superior wis
Mustio;superior wis
Mustio;svartå
Taipalsaari;svartå
Tallinn;tallinnas
Tammela;tallinnas
Tammisaari;tammisaari
Amsterdam;tammisaari
Tampere;tampereella
Tartu;tampereella
Amsterdam;tʼamsterdam
Tartu;tʼamsterdam
Tartu;tartu
Hämeenlinna;tartu
Tartu;tartus
Hämeenlinna;tartus
Hämeenlinna;tavastehus
Amersfoort;tavastehus
Hämeenlinna;tavastgus
Dordrecht;tavastgus
Vantaa;tikkurila
Toholampi;tikkurila
Tornio;tornio
Tromsö;tornio
Tromsö;tromso
Trondheim;tromso
Tromsö;tromsö
Härnösand;tromsö
Trondheim;trondhjem
Stockholm;trondhjem
Härnösand;trukketum hernösandesne
Tartu;trukketum hernösandesne
Tubingen;tubingen
Stockholm;tubingen
Stockholm;tukholmassa
Turku;tukholmassa
Stockholm;tukhulmissa
Turenki;tukhulmissa
Stockholm;tulkittu sures fangiuxes olles mutta stocholmisa
Turenki;tulkittu sures fangiuxes olles mutta stocholmisa
Turenki;turengi
Turku;turengi
Turenki;turenki
Turku;turenki
Turku;turku
Turtle Lake Wi;turku
Turtle Lake Wi;turtle lake wis
Turku;turtle lake wis
Turku;turus
Tuusula;turus
Turku;turusa
Weimar;turusa
Tomsk;turusa
Turku;turuusa
Riga;turuusa
Turku;tvrvsa
Tyrvää;tvrvsa
Tyrnävä;tyrnaviae
Ugra;tyrnaviae
Oulu;uleåborg
Uppsala;uleåborg
Uppsala;upsala
Strängnäs;upsala
Norrköping;upsala
Uppsala;upsaliae aboae
NA;upsaliae aboae
Uppsala;upsaliae stockholmiae
Rostock;upsaliae stockholmiae
Uppsala;upsalie
Urjala;upsalie
Uppsala;upsalis
USA;upsalis
NA;ur ev
Uusikaupunki;ur ev
USA;u sa
Uusikaarlepyy;u sa
Utrecht;utrecht
Venice;utrecht
Uusikaarlepyy;uusikaarlebyy
Uusikirkko;uusikaarlebyy
Uusikaarlepyy;uusikaarlepyy
Vaasa;uusikaarlepyy
Uusikaupunki;uusikaupunki
Vaasa;uusikaupunki
Vaasa;vaasa
Valamo;vaasa
Vaasa;vaasassa
Valkjärvi;vaasassa
Valamo;valaam
Warsaw;valaam
Warsaw;varsava
Västerås;varsava
Warsaw;varsovie
Uppsala;varsovie
Vaasa;vasa
Venice;vasa
Västerås;västerås
Verona;västerås
Uppsala;vbsaliae
Riga;vbsaliae
Venice;venezia
Vyborg;venezia
Venice;venise
Barcelona;venise
Riga;ver rigae livonum
Uppsala;ver rigae livonum
Vyborg;viborgae
Vicenza;viborgae
Vyborg;vibourg
Vienna;vibourg
Vienna;viden
Vyborg;viden
Vyborg;viipuri mikkeli
Viitasaari;viipuri mikkeli
Vilnius;viipuri mikkeli
Vyborg;viipurissa
Lappeenranta;viipurissa
Lappeenranta;villmanstrand
Virolahti;villmanstrand
Vilnius;vilnae
Wittenberg;vilnae
Virginia Mn;virginia minn
Wittenberg;virginia minn
Wittenberg;vitebergae
Uppsala;vitebergae
Wittenberg;vitembergae
Vreta;vitembergae
Uppsala;vpsala
Nizza;vpsala
Odense;vpsala
Uppsala;vpsaliae
St Petersburg;vpsaliae
St Petersburg;v sanktpeterburge
Vyborg;v sanktpeterburge
St Petersburg;v sanktpeterburgě
Vaasa;v sanktpeterburgě
NA;v telci
Vaasa;v telci
Vyborg;vyborg
Wandsbek;vyborg
Vaasa;waasa
Warsaw;waasa
Vaasa;waasasa
Turku;waasasa
Vaasa;waasassa
Warsaw;waasassa
Warsaw;warschau
Vaasa;warschau
Warsaw;warszawa
Västerås;warszawa
Vaasa;wasa
Vyborg;wasa
Oniipa;wasa
Vaasa;wasae
Turku;wasae
Vaasa;wasa nikolaistad
Watton Mi;wasa nikolaistad
Västerås;wästeråås
Vyborg;wästeråås
Västerås;wästeråhs
Weida;wästeråhs
Västerås;wästerås
Vyborg;wästerås
Weimar;weimar
Västerås;weimar
Weimar;weimar verlage des industrie comptoirs
Vyborg;weimar verlage des industrie comptoirs
Västerås;westeråhs
Vyborg;westeråhs
Västerås;westerås
Stockholm;westerås
Vyborg;wiborg
Uppsala;wiborg
Vyborg;wiborgh
Lybeck;wiborgh
Vyborg;wiburgi
Uppsala;wiburgi
Vyborg;wiburis
Vienna;wiburis
Vyborg;wiburisa
Vienna;wiburisa
Vienna;wien
Wiesbaden;wien
Vienna;wien leipzig
Vyborg;wien leipzig
Vyborg;wiiburisa
Viljandi;wiiburisa
Vyborg;wiipuri
Viljandi;wiipuri
Vyborg;wiipurissa
Lappeenranta;wiipurissa
Vyborg;wijbor
Visingsborg;wijbor
Vyborg;wijborg
Visingsborg;wijborg
Visingsborg;wijsingsborg
Västerås;wijsingsborg
Visingsborg;wijsingzborg
Turku;wijsingzborg
Viljandi;wiljandi
Vilnius;wiljandi
Viljandi;wiljandis
Visingsborg;wiljandis
Lappeenranta;willmanstrand
Wismar;willmanstrand
Vilnius;wilno
Wittenberg;wilno
Visingsborg;wisingsburgi
Wittenberg;wisingsburgi
Visingsborg;wisingsbvrgi
Turku;wisingsbvrgi
Visingsborg;wisingzborg
Stockholm;wisingzborg
Wismar;wismariae
Wittenberg;wismariae
Wittenberg;witebergae
Vyborg;witebergae
Wittenberg;wittebergae
Tammisaari;wittebergae
Wittenberg;wittenberg
Krakow;wittenberg
Wittenberg;wittenbergae
Worcester Ma;wittenbergae
Vyborg;wjburgi
Worcester Ma;wjburgi
Krakow;w krakowie
Worcester Ma;w krakowie
Worcester Ma;worcester ma
Wurzburg;worcester ma
Worcester Ma;worcester mass
Vyborg;worcester mass
Worcester Ma;worchester ma
Ylimarkku;worchester ma
Wurzburg;wurzburg
Ylistaro;wurzburg
Vyborg;wyburg
Ylivieska;wyburg
York;york
NA;york
Zürich;zurich
NA;zurich
